"Variable","Mean","SD","Min","Max","Missing"
"CChurches",2.11818259077485,1.01259015156953,1,4,5866
"CArmedForces",2.17811015118791,0.923898461883495,1,4,7400
"CPolice",2.4261868283746,0.936814742868012,1,4,6663
"CParliament",2.71565008816797,0.925943424321671,1,4,8697
"CTelevision",2.53012740360245,0.855172070553564,1,4,11227
"CWomensMvt",2.38337634715396,0.887346468327971,1,4,22893
"CCourts",2.43319979969955,0.91761537630586,1,4,20120
"CEU",2.66799753035604,0.87415221556928,1,4,75705
