"Variable","Mean","SD","Min","Max","Missing"
"CChurches",2.11690130385427,1.01072598850382,1,4,5741
"CArmedForces",2.17961930688791,0.923900539320732,1,4,7432
"CCivilService",2.5746979668009,0.872197191506672,1,4,8371
"CParliament",2.7203421386954,0.923716739553799,1,4,8692
"CPolParties",2.9281090487239,0.872406683116692,1,4,13800
"CEnvProt",2.33474474207984,0.867488514089,1,4,21119
"CCourts",2.4349032201632,0.919712153976991,1,4,19973
"CEU",2.67297242083759,0.871457063448346,1,4,75525
