"Group","ILFriends","ILPolitics","ILWork","ICQIndependence","ICQResonsibility","ICQTolerance","ICQThrift","ICQObedience","ACTReligion","ACTPolParty","ACTEnvOrg","ACTHumanitarian","Happy","Trusted","LifeSatis","FutureTech","PolInterest","PolPetition","PolScale","PrivateState","GovtRespons","PolLeader","PolExperts","PolArmy","Age"
"Netherlands",1.51532430506058,2.68604651162791,1.93274619695757,0.585786073223259,0.899497487437186,0.837760229720029,0.41564967695621,0.233309404163676,0.42457689477557,0.0861313868613139,0.147552958363769,0.197954711468225,1.73749093546048,1.41309255079007,7.52045944005743,1.51597444089457,2.41860465116279,1.68759342301943,5.47804473902237,5.39630836047774,5.57206537890045,2.90979381443299,2.47441457068517,3.71075697211155,52.072186836518
"OtherCountries",1.71484645087172,2.64793607660455,1.50169277250423,0.466884642893634,0.696437321355655,0.664903934499867,0.355021303117305,0.368484538717097,0.552973314852444,0.189168715529271,0.161110295197533,0.237056709050915,1.9250510685511,1.73123389515482,6.75446736278998,1.37029964274603,2.66015625,2.14481900452489,5.70185548000461,5.50249311945094,6.1893823323411,2.68549734433833,2.33883843609099,3.11787004072433,41.692187692434
