"Group","CChurches","CArmedForces","CCivilService","CParliament","CPolParties","CEnvProt","CCourts","CEU"
"Netherlands",3.02768987341772,2.5,2.79831932773109,2.84597701149425,3.02554470323065,2.54341085271318,2.35985130111524,2.86291600633914
"OtherCountries",2.1045217484811,2.17523379837491,2.57145704162976,2.71852049376132,2.9265809659593,2.33127553453364,2.43618616710302,2.66264593115926
