"Wave","Organisation","Adjusted_R2","R2","N","Predictors_Used","Group"
5,"CParliament",0.108544565175136,0.132211523621814,227,6,"Netherlands"
6,"CParliament",0.16116186365223,0.17349771859852,409,6,"Netherlands"
7,"CParliament",0.19405709381391,0.205543215992334,422,6,"Netherlands"
3,"CPolice",0.0419739219350813,0.0424403794915519,12324,6,"OtherCountries"
4,"CParliament",0.0359963940719965,0.0365892622183237,9757,6,"OtherCountries"
5,"CParliament",0.0581195795410359,0.0585545612623069,12993,6,"OtherCountries"
6,"CParliament",0.0452154939272764,0.0455836391002369,15562,6,"OtherCountries"
7,"CEU",0.0629532840368134,0.0644121009272594,3855,6,"OtherCountries"
